controller,fault_t0_s,mean_err_pre,mean_err_fault,mean_err_post,max_err_fault,recovery_time_s
openloop,30.0,40.16062942817721,36.571618305188885,56.59064840950836,91.49595446608846,0.0
pid,30.0,37.14551339971339,36.16138291502001,50.081679478416845,86.71194857768656,0.0
agentic,30.0,29.833237149475014,26.596569838615054,39.43620956432171,129.44975724509663,0.0
