controller,fault_t0_s,mean_err_pre,mean_err_fault,mean_err_post,max_err_fault,recovery_time_s,connectivity_pre,connectivity_fault,connectivity_post,task_completion_pre,task_completion_fault,task_completion_post,system_utility_pre,system_utility_fault,system_utility_post
openloop,30.0,40.16062942817721,36.571618305188885,56.59064840950836,91.49595446608846,0.0,0.42270833333333335,0.1353125,0.13125,0.0,0.0009375,0.002916666666666667,-54.184950790965075,-55.52981954566933,-86.60486586298616
pid,30.0,37.14551339971339,36.16138291502001,50.081679478416845,86.71194857768656,0.0,0.35854166666666665,0.23489583333333333,0.17760416666666667,0.0071875,0.0026041666666666665,0.0027604166666666667,-53.089364404197404,-52.316458174850126,-68.41373235012506
agentic,30.0,34.532244276145164,30.600398630926314,43.49289901178742,90.3668077518935,0.0,0.365,0.26208333333333333,0.19578125,0.0,0.004479166666666667,0.00703125,-46.74740327023965,-42.73572654265007,-60.071794283460164
